ProteinA,ProteinB,Label
0,243,1
0,244,1
0,245,1
1,1,1
1,193,1
1,246,1
1,247,1
2,25,1
2,248,1
2,249,1
2,250,1
2,251,1
2,252,1
2,253,1
2,254,1
2,255,1
2,256,1
2,121,1
2,257,1
2,258,1
2,259,1
2,246,1
2,220,1
3,260,1
3,261,1
3,262,1
3,263,1
3,264,1
4,4,1
4,246,1
5,5,1
5,265,1
5,266,1
5,267,1
5,115,1
5,118,1
5,268,1
5,269,1
5,270,1
5,271,1
5,272,1
5,273,1
5,274,1
5,275,1
6,276,1
6,277,1
6,278,1
6,98,1
6,279,1
6,269,1
6,270,1
6,280,1
6,178,1
6,281,1
6,274,1
6,282,1
6,283,1
6,284,1
7,285,1
7,16,1
7,286,1
7,280,1
7,287,1
7,288,1
8,8,1
9,9,1
10,289,1
10,290,1
10,291,1
10,250,1
10,292,1
10,84,1
10,293,1
10,294,1
10,295,1
10,296,1
11,11,1
11,246,1
12,12,1
12,297,1
12,298,1
13,16,1
13,163,1
13,246,1
14,14,1
14,299,1
14,300,1
14,301,1
14,246,1
15,302,1
16,16,1
17,19,1
17,303,1
18,304,1
19,19,1
20,305,1
20,250,1
20,306,1
20,307,1
20,308,1
20,127,1
20,178,1
20,309,1
20,310,1
20,246,1
20,274,1
20,311,1
20,283,1
20,284,1
21,289,1
21,22,1
21,40,1
21,312,1
21,313,1
21,314,1
21,315,1
21,316,1
21,231,1
22,304,1
22,22,1
22,50,1
22,317,1
22,119,1
23,23,1
24,318,1
24,158,1
25,4,1
25,25,1
25,319,1
25,313,1
25,320,1
25,245,1
25,321,1
25,313,1
25,172,1
25,313,1
25,313,1
26,322,1
26,33,1
26,250,1
26,323,1
26,324,1
26,325,1
26,326,1
26,327,1
26,328,1
26,329,1
26,330,1
26,331,1
26,332,1
26,333,1
26,334,1
26,220,1
26,335,1
27,27,1
27,246,1
28,336,1
28,337,1
29,338,1
29,339,1
30,280,1
31,251,1
31,333,1
32,75,1
32,246,1
33,340,1
33,341,1
34,342,1
35,29,1
35,40,1
35,343,1
35,54,1
35,344,1
35,345,1
35,66,1
35,80,1
35,107,1
35,346,1
35,347,1
35,348,1
35,349,1
35,350,1
35,351,1
35,352,1
35,353,1
35,354,1
35,355,1
35,356,1
35,357,1
36,3,1
36,16,1
36,29,1
36,358,1
36,343,1
36,54,1
36,61,1
36,359,1
36,89,1
36,360,1
36,361,1
36,314,1
36,107,1
36,362,1
36,363,1
36,364,1
36,365,1
36,366,1
36,367,1
36,185,1
36,368,1
36,369,1
36,354,1
36,370,1
36,357,1
37,248,1
37,286,1
37,371,1
37,146,1
37,258,1
38,299,1
38,372,1
38,373,1
38,278,1
38,98,1
38,374,1
38,127,1
38,375,1
38,376,1
38,377,1
38,378,1
38,369,1
39,379,1
39,380,1
39,177,1
39,192,1
39,381,1
39,246,1
40,40,1
41,382,1
42,246,1
42,383,1
42,284,1
43,384,1
44,322,1
44,385,1
44,277,1
44,361,1
44,261,1
44,119,1
44,386,1
44,246,1
45,387,1
45,388,1
45,389,1
45,119,1
45,141,1
45,222,1
45,287,1
46,360,1
46,390,1
46,391,1
46,231,1
47,250,1
47,392,1
47,379,1
47,393,1
47,192,1
47,394,1
47,395,1
48,278,1
49,49,1
49,396,1
49,331,1
49,397,1
49,181,1
49,192,1
49,398,1
49,246,1
50,260,1
51,34,1
51,61,1
51,251,1
51,399,1
51,314,1
51,400,1
51,401,1
51,174,1
51,333,1
51,402,1
51,403,1
51,404,1
52,52,1
53,246,1
54,405,1
54,54,1
54,406,1
54,246,1
54,407,1
55,408,1
55,409,1
55,410,1
55,276,1
55,411,1
55,278,1
55,98,1
55,314,1
55,412,1
55,413,1
55,270,1
55,280,1
55,414,1
55,333,1
55,390,1
55,246,1
55,415,1
55,283,1
55,416,1
56,286,1
56,417,1
56,252,1
56,260,1
56,418,1
56,261,1
56,419,1
56,146,1
56,420,1
56,263,1
56,258,1
56,259,1
56,231,1
56,287,1
56,421,1
56,416,1
57,244,1
57,295,1
58,422,1
58,423,1
58,260,1
58,347,1
58,245,1
58,200,1
58,424,1
58,369,1
58,231,1
58,287,1
59,16,1
59,425,1
59,159,1
59,426,1
60,408,1
60,427,1
60,231,1
61,61,1
61,314,1
61,146,1
61,413,1
61,428,1
61,429,1
62,430,1
62,62,1
62,246,1
62,337,1
62,284,1
63,26,1
63,61,1
63,75,1
63,80,1
63,295,1
63,246,1
64,431,1
65,107,1
65,148,1
65,259,1
66,432,1
66,250,1
66,68,1
66,80,1
66,379,1
66,433,1
66,246,1
67,422,1
67,16,1
67,26,1
67,434,1
67,248,1
67,37,1
67,435,1
67,436,1
67,437,1
67,286,1
67,438,1
67,439,1
67,440,1
67,441,1
67,442,1
67,443,1
67,360,1
67,260,1
67,107,1
67,362,1
67,444,1
67,256,1
67,315,1
67,445,1
67,446,1
67,346,1
67,447,1
67,127,1
67,347,1
67,448,1
67,449,1
67,348,1
67,450,1
67,451,1
67,331,1
67,452,1
67,367,1
67,262,1
67,380,1
67,453,1
67,199,1
67,353,1
67,454,1
67,258,1
67,424,1
67,369,1
67,455,1
67,456,1
67,457,1
67,337,1
68,33,1
68,458,1
69,285,1
69,248,1
69,459,1
69,460,1
69,461,1
69,462,1
69,339,1
69,463,1
69,464,1
69,465,1
69,362,1
69,119,1
69,466,1
69,413,1
69,467,1
69,468,1
69,469,1
69,301,1
69,470,1
69,353,1
69,471,1
69,472,1
69,287,1
70,4,1
70,473,1
70,388,1
70,70,1
70,298,1
70,474,1
70,135,1
70,475,1
70,476,1
70,316,1
70,192,1
70,258,1
70,477,1
71,71,1
71,478,1
71,479,1
72,480,1
72,481,1
72,149,1
72,208,1
72,482,1
72,483,1
73,422,1
73,61,1
73,73,1
73,278,1
73,484,1
73,361,1
73,314,1
73,485,1
73,366,1
74,486,1
74,74,1
75,487,1
75,37,1
75,488,1
75,46,1
75,49,1
75,489,1
75,80,1
75,423,1
75,490,1
75,246,1
76,491,1
77,98,1
78,492,1
78,493,1
78,494,1
79,409,1
79,318,1
80,80,1
80,107,1
80,174,1
80,355,1
81,495,1
81,496,1
81,497,1
81,229,1
82,498,1
82,192,1
83,340,1
83,320,1
83,420,1
83,499,1
83,500,1
83,282,1
84,501,1
84,84,1
84,141,1
85,502,1
85,119,1
85,259,1
85,246,1
86,98,1
86,119,1
87,3,1
87,21,1
87,451,1
87,146,1
87,420,1
87,287,1
88,345,1
88,503,1
89,29,1
89,504,1
89,250,1
89,119,1
89,505,1
89,246,1
89,506,1
90,286,1
90,462,1
90,503,1
90,507,1
90,508,1
90,509,1
90,466,1
90,510,1
90,347,1
90,511,1
90,166,1
90,169,1
90,454,1
90,370,1
90,512,1
90,287,1
91,37,1
91,91,1
91,246,1
92,135,1
92,352,1
93,98,1
94,513,1
94,246,1
94,231,1
95,486,1
95,95,1
96,246,1
96,238,1
96,514,1
97,78,1
97,515,1
97,97,1
97,516,1
97,246,1
97,220,1
97,247,1
98,517,1
98,102,1
98,115,1
98,518,1
99,99,1
100,519,1
100,314,1
100,520,1
101,521,1
101,522,1
101,101,1
101,143,1
101,523,1
101,355,1
102,124,1
102,414,1
102,390,1
102,246,1
103,219,1
104,249,1
104,524,1
104,362,1
104,331,1
105,105,1
106,246,1
107,361,1
107,314,1
107,141,1
108,108,1
109,408,1
109,525,1
109,251,1
109,262,1
109,202,1
109,526,1
110,54,1
110,110,1
110,342,1
110,246,1
111,527,1
111,260,1
111,361,1
111,528,1
111,202,1
112,112,1
112,529,1
113,106,1
113,530,1
113,355,1
113,531,1
114,487,1
114,141,1
115,410,1
115,115,1
115,119,1
115,268,1
115,532,1
115,533,1
115,178,1
115,534,1
115,535,1
115,536,1
115,415,1
115,283,1
115,537,1
115,356,1
116,117,1
116,477,1
117,358,1
117,538,1
117,146,1
118,408,1
118,297,1
118,539,1
118,540,1
118,492,1
118,541,1
118,380,1
118,428,1
118,542,1
118,543,1
119,389,1
119,370,1
119,337,1
120,544,1
120,358,1
120,250,1
120,286,1
120,112,1
120,121,1
120,466,1
120,545,1
120,450,1
120,546,1
120,282,1
120,231,1
120,287,1
121,248,1
121,61,1
121,278,1
121,484,1
121,547,1
121,121,1
121,161,1
121,316,1
121,548,1
121,549,1
122,5,1
122,76,1
122,550,1
122,278,1
122,98,1
122,107,1
122,261,1
122,115,1
122,551,1
122,552,1
122,333,1
122,553,1
122,554,1
123,297,1
123,26,1
123,298,1
123,466,1
123,123,1
124,555,1
124,487,1
124,31,1
124,358,1
124,556,1
124,557,1
124,382,1
124,558,1
124,258,1
124,404,1
124,559,1
124,506,1
125,525,1
125,560,1
125,261,1
125,246,1
126,561,1
126,562,1
127,487,1
127,422,1
127,388,1
127,489,1
127,307,1
127,107,1
127,509,1
127,119,1
127,127,1
127,245,1
127,563,1
127,564,1
127,258,1
127,429,1
127,246,1
128,304,1
128,250,1
128,565,1
128,246,1
129,61,1
129,146,1
129,566,1
130,130,1
131,567,1
131,115,1
131,131,1
131,132,1
131,568,1
131,273,1
131,569,1
132,544,1
132,287,1
133,34,1
133,192,1
134,570,1
135,119,1
135,135,1
135,185,1
135,246,1
136,571,1
136,136,1
137,26,1
137,572,1
137,573,1
137,339,1
137,331,1
137,270,1
137,562,1
137,339,1
137,246,1
138,119,1
138,545,1
139,246,1
140,422,1
140,16,1
140,29,1
140,248,1
140,33,1
140,358,1
140,574,1
140,277,1
140,575,1
140,576,1
140,577,1
140,89,1
140,578,1
140,442,1
140,579,1
140,580,1
140,581,1
140,308,1
140,252,1
140,582,1
140,583,1
140,107,1
140,446,1
140,346,1
140,511,1
140,380,1
140,280,1
140,174,1
140,584,1
140,468,1
140,585,1
140,453,1
140,586,1
140,542,1
140,369,1
140,398,1
140,334,1
140,354,1
140,494,1
140,456,1
140,231,1
140,233,1
140,357,1
141,279,1
141,269,1
141,587,1
142,25,1
142,588,1
142,589,1
142,590,1
143,251,1
143,339,1
143,123,1
143,333,1
143,591,1
144,592,1
145,408,1
145,487,1
145,16,1
145,248,1
145,459,1
145,460,1
145,593,1
145,286,1
145,501,1
145,594,1
145,595,1
145,507,1
145,464,1
145,362,1
145,596,1
145,597,1
145,598,1
145,599,1
145,600,1
145,601,1
145,135,1
145,342,1
145,546,1
145,378,1
145,258,1
145,542,1
145,398,1
145,334,1
145,602,1
145,603,1
145,287,1
145,288,1
146,604,1
146,314,1
146,599,1
146,146,1
146,333,1
146,569,1
146,228,1
147,141,1
148,246,1
148,605,1
148,148,1
148,246,1
149,359,1
149,477,1
150,606,1
150,146,1
150,246,1
151,607,1
151,279,1
151,367,1
151,280,1
151,608,1
151,353,1
151,609,1
151,433,1
151,610,1
151,514,1
152,152,1
152,246,1
153,521,1
153,611,1
153,322,1
153,358,1
153,388,1
153,250,1
153,484,1
153,612,1
153,314,1
153,127,1
153,495,1
153,365,1
153,192,1
153,586,1
153,378,1
154,21,1
154,484,1
154,255,1
155,29,1
155,613,1
155,594,1
155,614,1
155,119,1
155,615,1
156,487,1
156,49,1
156,298,1
156,156,1
156,295,1
156,236,1
157,473,1
157,248,1
157,581,1
157,107,1
157,342,1
157,352,1
157,472,1
158,555,1
158,248,1
158,436,1
158,340,1
158,616,1
158,617,1
158,169,1
158,192,1
158,618,1
159,248,1
159,246,1
159,220,1
160,11,1
160,578,1
161,71,1
161,570,1
161,519,1
161,617,1
161,619,1
161,620,1
162,555,1
162,25,1
162,621,1
162,343,1
162,489,1
162,82,1
162,246,1
162,622,1
162,484,1
162,417,1
162,324,1
162,107,1
162,261,1
162,419,1
162,367,1
162,420,1
162,562,1
162,169,1
162,623,1
162,258,1
162,334,1
162,246,1
162,229,1
163,164,1
163,624,1
164,257,1
164,164,1
164,625,1
165,626,1
165,248,1
165,501,1
165,520,1
165,627,1
165,151,1
165,586,1
165,628,1
165,471,1
165,629,1
166,246,1
167,167,1
167,246,1
168,517,1
168,98,1
168,279,1
168,115,1
168,512,1
168,275,1
168,610,1
169,630,1
169,169,1
169,185,1
170,631,1
170,632,1
170,633,1
170,406,1
171,76,1
171,540,1
171,571,1
171,634,1
171,287,1
172,66,1
172,419,1
172,352,1
173,635,1
173,636,1
173,637,1
173,638,1
173,252,1
173,639,1
173,419,1
173,346,1
173,562,1
173,640,1
173,211,1
173,228,1
173,391,1
174,192,1
175,481,1
175,287,1
176,641,1
177,318,1
178,243,1
178,473,1
178,388,1
178,58,1
178,119,1
178,245,1
178,545,1
178,433,1
178,246,1
178,355,1
179,547,1
179,401,1
179,642,1
179,246,1
180,486,1
180,582,1
180,625,1
180,406,1
180,336,1
180,233,1
180,643,1
181,487,1
181,593,1
181,340,1
181,644,1
181,379,1
181,124,1
181,645,1
181,646,1
181,241,1
182,340,1
182,647,1
183,648,1
183,250,1
183,246,1
184,388,1
184,443,1
184,127,1
185,571,1
185,119,1
185,331,1
186,136,1
187,636,1
187,61,1
187,649,1
187,516,1
187,107,1
187,650,1
187,651,1
187,119,1
187,652,1
188,247,1
189,189,1
189,536,1
189,246,1
189,653,1
190,484,1
190,101,1
190,314,1
190,654,1
190,357,1
191,246,1
191,655,1
192,25,1
192,656,1
192,613,1
192,657,1
192,73,1
192,89,1
192,119,1
192,127,1
192,386,1
192,563,1
192,170,1
192,185,1
192,263,1
192,192,1
192,658,1
192,258,1
192,565,1
192,220,1
192,337,1
193,380,1
193,659,1
194,660,1
195,661,1
195,662,1
195,639,1
195,127,1
195,246,1
196,250,1
196,663,1
196,664,1
196,246,1
196,229,1
197,197,1
198,665,1
199,666,1
199,486,1
199,244,1
199,667,1
199,427,1
200,261,1
200,200,1
200,391,1
201,668,1
202,446,1
202,654,1
202,562,1
202,506,1
203,669,1
203,670,1
203,595,1
203,671,1
203,382,1
203,201,1
203,569,1
204,279,1
204,115,1
204,270,1
204,178,1
204,182,1
204,185,1
204,672,1
204,284,1
205,285,1
205,521,1
205,666,1
205,487,1
205,673,1
205,388,1
205,460,1
205,674,1
205,251,1
205,277,1
205,440,1
205,323,1
205,253,1
205,631,1
205,119,1
205,347,1
205,245,1
205,328,1
205,141,1
205,563,1
205,342,1
205,675,1
205,205,1
205,542,1
205,676,1
205,220,1
205,602,1
205,355,1
206,388,1
206,677,1
206,678,1
206,679,1
206,350,1
206,281,1
206,334,1
207,250,1
207,680,1
207,246,1
207,357,1
208,192,1
209,408,1
209,250,1
209,379,1
209,570,1
209,484,1
209,492,1
209,119,1
209,530,1
209,146,1
209,158,1
209,334,1
209,681,1
210,555,1
210,119,1
210,146,1
210,246,1
211,682,1
211,683,1
211,684,1
211,119,1
211,406,1
211,246,1
211,355,1
211,506,1
212,685,1
212,597,1
212,391,1
213,3,1
214,536,1
214,246,1
215,209,1
215,215,1
215,246,1
215,506,1
216,521,1
216,636,1
216,686,1
216,251,1
216,119,1
216,687,1
216,590,1
216,688,1
216,689,1
216,591,1
216,676,1
217,303,1
217,690,1
217,435,1
217,66,1
217,691,1
217,484,1
217,692,1
217,693,1
217,654,1
217,342,1
217,608,1
217,623,1
217,334,1
217,311,1
217,287,1
218,280,1
219,694,1
219,107,1
219,255,1
219,429,1
220,695,1
220,487,1
220,691,1
220,696,1
220,445,1
220,693,1
220,697,1
220,220,1
220,602,1
220,698,1
221,562,1
221,246,1
221,221,1
222,521,1
222,522,1
222,699,1
222,286,1
222,570,1
222,261,1
222,263,1
223,118,1
223,127,1
223,562,1
223,192,1
223,281,1
223,700,1
223,236,1
224,521,1
224,248,1
224,701,1
224,61,1
224,251,1
224,576,1
224,551,1
224,687,1
224,702,1
224,156,1
224,703,1
224,333,1
224,591,1
224,676,1
225,3,1
225,25,1
225,409,1
225,318,1
225,359,1
225,261,1
225,346,1
225,339,1
225,369,1
225,233,1
226,704,1
227,253,1
227,420,1
227,369,1
228,25,1
228,33,1
228,50,1
228,705,1
228,706,1
228,314,1
228,707,1
228,654,1
228,333,1
228,192,1
228,708,1
228,228,1
228,356,1
229,229,1
230,709,1
230,317,1
230,578,1
230,706,1
230,509,1
230,346,1
230,377,1
231,0,1
231,691,1
231,443,1
231,119,1
231,129,1
231,645,1
231,141,1
231,231,1
232,513,1
232,691,1
232,320,1
232,582,1
232,280,1
232,206,1
232,237,1
233,487,1
233,710,1
233,290,1
233,248,1
233,286,1
233,481,1
233,614,1
233,650,1
233,645,1
233,257,1
233,711,1
233,169,1
233,316,1
233,192,1
233,259,1
233,220,1
233,237,1
234,712,1
235,248,1
235,119,1
235,176,1
235,231,1
236,197,1
237,3,1
237,487,1
237,691,1
237,292,1
237,81,1
237,156,1
237,355,1
238,25,1
238,107,1
238,261,1
238,444,1
238,119,1
238,530,1
238,136,1
238,645,1
238,185,1
238,713,1
238,202,1
238,424,1
238,355,1
238,231,1
238,337,1
239,61,1
239,102,1
239,361,1
239,314,1
239,707,1
239,714,1
239,355,1
239,239,1
240,3,1
240,422,1
240,715,1
240,248,1
240,690,1
240,33,1
240,37,1
240,244,1
240,439,1
240,76,1
240,478,1
240,578,1
240,339,1
240,524,1
240,716,1
240,253,1
240,107,1
240,444,1
240,520,1
240,650,1
240,315,1
240,326,1
240,717,1
240,348,1
240,718,1
240,451,1
240,452,1
240,262,1
240,280,1
240,719,1
240,339,1
240,368,1
240,720,1
240,470,1
240,199,1
240,454,1
240,258,1
240,424,1
240,354,1
240,455,1
240,456,1
240,500,1
240,282,1
240,647,1
240,457,1
240,231,1
240,233,1
241,721,1
241,498,1
242,522,1
242,133,1
722,1233,0
58,729,0
723,302,0
153,1234,0
724,94,0
663,912,0
319,729,0
20,630,0
725,77,0
687,124,0
726,128,0
727,480,0
728,1235,0
658,1175,0
333,1236,0
729,398,0
170,9,0
107,1021,0
313,492,0
730,216,0
227,735,0
262,1237,0
277,291,0
597,773,0
373,357,0
242,253,0
588,534,0
243,1008,0
731,915,0
732,479,0
733,1189,0
292,727,0
734,184,0
601,846,0
735,565,0
641,86,0
736,55,0
651,1238,0
737,534,0
163,1167,0
510,839,0
738,274,0
739,1239,0
414,1027,0
703,1106,0
596,1240,0
740,214,0
276,1172,0
397,1240,0
741,728,0
377,1241,0
742,1242,0
526,976,0
743,1038,0
744,1238,0
745,239,0
746,1117,0
601,242,0
747,1122,0
181,1243,0
462,969,0
89,821,0
146,925,0
748,716,0
712,602,0
749,1244,0
310,1245,0
750,832,0
751,538,0
752,156,0
12,266,0
471,174,0
584,1031,0
753,676,0
538,1246,0
697,995,0
754,1172,0
755,1236,0
247,885,0
405,851,0
756,173,0
757,641,0
758,768,0
185,940,0
759,1081,0
199,1247,0
760,644,0
498,541,0
334,395,0
761,1248,0
493,941,0
762,1188,0
763,220,0
753,86,0
45,1249,0
348,1250,0
183,903,0
764,728,0
517,772,0
765,121,0
766,1071,0
767,667,0
2,69,0
768,1081,0
769,494,0
770,1065,0
272,1251,0
771,252,0
772,949,0
773,10,0
20,754,0
128,1252,0
774,1253,0
775,569,0
776,1098,0
777,706,0
778,1254,0
615,305,0
779,109,0
695,1255,0
780,589,0
781,1256,0
782,1257,0
524,43,0
496,63,0
513,307,0
783,1136,0
784,739,0
661,770,0
785,614,0
786,728,0
632,961,0
313,1181,0
564,1129,0
787,861,0
207,1258,0
315,152,0
788,532,0
789,494,0
790,1259,0
778,146,0
791,332,0
94,1260,0
792,558,0
793,1046,0
84,1062,0
471,960,0
200,1261,0
794,1262,0
795,584,0
796,1263,0
797,125,0
717,4,0
206,1264,0
798,2,0
381,953,0
799,110,0
800,883,0
330,244,0
771,281,0
801,882,0
802,458,0
177,185,0
44,321,0
721,990,0
803,66,0
604,1170,0
43,1113,0
804,1265,0
316,611,0
44,188,0
805,1266,0
131,1000,0
366,1129,0
806,1057,0
807,394,0
808,666,0
311,1267,0
809,1189,0
159,697,0
262,1125,0
59,1268,0
810,761,0
443,1016,0
811,1269,0
812,1270,0
642,585,0
813,595,0
814,323,0
507,631,0
480,105,0
668,889,0
815,1146,0
816,469,0
349,297,0
452,1074,0
817,445,0
740,896,0
818,1007,0
819,935,0
580,824,0
820,1057,0
599,1138,0
821,428,0
305,1171,0
822,1271,0
823,86,0
824,882,0
825,30,0
826,800,0
827,723,0
450,1272,0
828,1160,0
829,235,0
830,615,0
831,15,0
541,183,0
832,619,0
833,183,0
834,818,0
819,423,0
668,977,0
64,991,0
835,126,0
525,718,0
836,645,0
837,406,0
838,822,0
839,419,0
840,534,0
138,737,0
749,1205,0
841,433,0
842,1079,0
258,589,0
843,1263,0
844,1273,0
845,294,0
597,286,0
846,704,0
137,1274,0
487,672,0
399,517,0
847,299,0
603,1275,0
396,1215,0
455,1133,0
848,78,0
849,688,0
850,170,0
851,132,0
226,1015,0
189,96,0
852,1276,0
549,1085,0
135,252,0
853,905,0
854,1277,0
855,98,0
301,1050,0
586,330,0
811,687,0
856,1160,0
857,71,0
858,713,0
844,1278,0
859,347,0
282,897,0
860,911,0
748,1182,0
861,48,0
172,850,0
862,654,0
863,448,0
864,1255,0
6,1279,0
573,6,0
865,1277,0
550,1280,0
171,1120,0
818,831,0
866,1038,0
77,436,0
49,1281,0
733,1282,0
625,221,0
867,429,0
104,597,0
868,1188,0
313,997,0
366,1137,0
869,327,0
632,19,0
3,178,0
501,1283,0
540,796,0
402,485,0
870,562,0
179,895,0
871,1284,0
154,906,0
735,717,0
312,388,0
866,1285,0
872,395,0
417,1003,0
873,596,0
874,1062,0
354,493,0
398,16,0
559,122,0
836,154,0
875,285,0
126,235,0
876,275,0
386,1286,0
25,1287,0
877,409,0
419,623,0
209,779,0
878,785,0
879,1288,0
880,867,0
245,1289,0
881,1290,0
29,422,0
882,926,0
883,59,0
115,295,0
719,645,0
245,579,0
3,534,0
355,1291,0
884,330,0
341,603,0
144,730,0
885,68,0
886,1292,0
85,909,0
887,755,0
888,749,0
381,1293,0
52,1048,0
206,1165,0
266,199,0
548,988,0
150,404,0
311,500,0
889,1294,0
681,735,0
890,1295,0
281,976,0
891,1296,0
892,1251,0
201,1297,0
893,1298,0
733,982,0
658,1051,0
330,297,0
402,100,0
894,1087,0
316,1299,0
895,3,0
236,754,0
854,671,0
460,897,0
265,494,0
649,1235,0
197,438,0
896,697,0
897,501,0
116,728,0
898,616,0
184,846,0
899,159,0
900,296,0
595,926,0
528,1264,0
383,1117,0
737,1300,0
360,977,0
208,1301,0
901,1174,0
902,1302,0
713,1236,0
695,840,0
903,73,0
904,328,0
564,313,0
905,800,0
906,404,0
530,1039,0
770,201,0
772,929,0
352,826,0
430,1134,0
907,571,0
908,201,0
46,1303,0
909,1262,0
910,1201,0
756,724,0
161,1304,0
268,538,0
911,453,0
391,1132,0
912,522,0
913,59,0
914,105,0
915,126,0
537,1305,0
92,964,0
839,589,0
753,193,0
27,209,0
163,906,0
916,321,0
917,1186,0
60,968,0
918,1278,0
289,409,0
919,391,0
336,1098,0
848,965,0
549,318,0
822,1306,0
920,1221,0
921,1307,0
922,404,0
20,1308,0
458,317,0
923,1090,0
924,581,0
925,1103,0
892,735,0
926,142,0
492,827,0
927,1309,0
796,1310,0
30,895,0
87,674,0
37,1311,0
928,396,0
96,503,0
860,852,0
929,519,0
748,338,0
930,928,0
662,965,0
151,180,0
225,594,0
674,699,0
931,1144,0
932,618,0
933,1064,0
33,138,0
99,428,0
734,1312,0
312,450,0
183,440,0
934,1046,0
626,457,0
766,200,0
349,838,0
229,675,0
935,769,0
98,921,0
936,1271,0
932,1038,0
99,390,0
754,837,0
778,876,0
261,313,0
937,736,0
226,339,0
326,1067,0
182,1189,0
925,1175,0
641,416,0
68,246,0
321,805,0
614,1313,0
938,688,0
897,914,0
770,1111,0
939,727,0
940,696,0
312,233,0
727,819,0
941,313,0
942,637,0
943,782,0
639,1314,0
944,814,0
781,975,0
945,1118,0
946,457,0
518,432,0
782,1142,0
82,1216,0
290,1315,0
426,496,0
320,849,0
947,175,0
512,454,0
676,666,0
948,1303,0
949,1316,0
438,917,0
825,18,0
93,1234,0
759,1317,0
565,792,0
265,1289,0
720,271,0
950,1161,0
25,1090,0
951,988,0
952,1262,0
761,1139,0
638,843,0
564,988,0
953,1318,0
243,510,0
509,28,0
954,822,0
9,1075,0
170,949,0
955,858,0
658,51,0
785,276,0
527,1319,0
956,155,0
300,1320,0
957,394,0
233,1173,0
958,387,0
479,945,0
959,456,0
959,826,0
960,1321,0
160,952,0
87,1322,0
68,195,0
961,1323,0
679,663,0
482,639,0
450,1324,0
962,788,0
344,1325,0
412,724,0
891,436,0
474,1326,0
112,433,0
963,1327,0
964,1116,0
710,1328,0
965,1329,0
525,540,0
907,979,0
574,940,0
966,1129,0
967,1182,0
655,539,0
142,1330,0
968,1331,0
969,1109,0
970,421,0
971,1332,0
69,1249,0
78,988,0
721,949,0
972,825,0
673,1323,0
413,522,0
134,611,0
973,1333,0
660,1334,0
974,496,0
827,1173,0
161,458,0
929,374,0
975,143,0
924,1328,0
491,1201,0
469,634,0
322,469,0
80,158,0
399,432,0
827,1335,0
364,182,0
264,984,0
976,723,0
567,628,0
706,1336,0
977,1337,0
246,958,0
978,351,0
43,169,0
979,1160,0
980,485,0
934,314,0
387,600,0
238,946,0
23,1245,0
26,649,0
451,590,0
794,726,0
683,635,0
981,337,0
921,1338,0
982,648,0
420,1339,0
983,1331,0
514,783,0
984,556,0
514,152,0
455,579,0
702,788,0
496,584,0
285,594,0
445,1340,0
419,1133,0
422,947,0
114,1050,0
546,591,0
636,363,0
721,1341,0
798,982,0
34,1051,0
985,1342,0
986,1343,0
351,324,0
107,1344,0
820,860,0
987,93,0
176,409,0
988,759,0
25,1345,0
565,396,0
563,951,0
154,253,0
129,85,0
712,539,0
921,104,0
989,304,0
700,1289,0
990,1028,0
345,486,0
852,965,0
991,1346,0
203,1000,0
992,401,0
993,439,0
994,926,0
464,297,0
776,1258,0
231,1159,0
995,1347,0
262,1041,0
996,690,0
997,133,0
643,344,0
488,1123,0
998,1282,0
999,236,0
670,1174,0
271,204,0
297,517,0
1000,1148,0
40,200,0
1001,1044,0
563,1204,0
141,977,0
1002,682,0
1003,1348,0
1004,936,0
772,397,0
1005,1087,0
874,429,0
1006,400,0
1007,1349,0
749,1350,0
1008,1126,0
85,1351,0
893,639,0
545,344,0
364,254,0
1009,1352,0
1010,1353,0
1011,207,0
1012,403,0
787,82,0
865,559,0
340,1053,0
608,747,0
752,62,0
1013,1285,0
858,525,0
1013,269,0
1014,815,0
1015,650,0
232,781,0
4,1178,0
802,431,0
946,332,0
406,1111,0
676,1354,0
176,303,0
1016,1281,0
1017,1355,0
947,286,0
743,1053,0
1018,662,0
479,123,0
1019,533,0
795,361,0
457,1298,0
811,626,0
1020,914,0
1021,1356,0
1022,854,0
1023,1234,0
793,1344,0
554,453,0
148,763,0
1024,54,0
1025,1357,0
20,915,0
998,367,0
1026,828,0
524,1335,0
196,519,0
707,1024,0
442,28,0
921,883,0
433,822,0
605,695,0
487,675,0
863,1358,0
1027,686,0
1028,1130,0
498,592,0
478,692,0
615,1317,0
214,1246,0
1029,1359,0
966,776,0
774,890,0
894,632,0
125,1277,0
1030,902,0
942,1232,0
1031,1044,0
1032,438,0
361,17,0
769,797,0
1033,33,0
283,746,0
568,663,0
517,433,0
1034,433,0
522,406,0
1035,165,0
694,78,0
884,422,0
1036,256,0
865,84,0
939,72,0
1037,1148,0
1032,220,0
1038,1360,0
595,1058,0
374,683,0
1039,309,0
464,44,0
709,680,0
611,584,0
459,434,0
671,1361,0
1040,1016,0
541,1344,0
686,88,0
1041,642,0
291,1362,0
279,228,0
370,157,0
1042,1329,0
532,1251,0
160,174,0
1043,434,0
391,510,0
635,833,0
801,818,0
348,660,0
75,764,0
914,405,0
653,524,0
1044,718,0
922,36,0
1045,81,0
938,896,0
1046,1005,0
100,1067,0
1047,1355,0
701,1363,0
1048,676,0
887,1364,0
1049,1365,0
52,370,0
1050,883,0
1051,1003,0
66,1366,0
182,1367,0
1052,722,0
370,82,0
676,771,0
1053,720,0
373,535,0
711,9,0
684,1171,0
747,481,0
907,899,0
972,1323,0
878,1368,0
553,272,0
647,75,0
1054,1010,0
1040,945,0
1055,42,0
928,1369,0
761,252,0
66,536,0
1056,993,0
588,1154,0
1057,926,0
1058,1370,0
762,1273,0
446,138,0
662,1371,0
219,1372,0
340,171,0
246,1009,0
884,655,0
475,798,0
306,131,0
434,871,0
220,1305,0
1059,728,0
1060,177,0
1061,1373,0
1058,186,0
965,294,0
49,1231,0
1062,1119,0
1063,991,0
1064,1348,0
968,421,0
1065,1329,0
962,779,0
1066,976,0
70,1246,0
49,803,0
559,475,0
366,469,0
1067,1374,0
574,959,0
731,1375,0
1068,53,0
1069,835,0
63,130,0
412,857,0
612,1008,0
49,1131,0
1070,1141,0
1071,1376,0
1072,1377,0
659,1326,0
469,529,0
967,1151,0
692,419,0
545,303,0
623,1346,0
1073,1378,0
823,607,0
312,367,0
1074,1370,0
1075,99,0
1076,218,0
833,1079,0
565,1206,0
1077,872,0
979,1201,0
939,746,0
429,409,0
538,603,0
702,278,0
664,1379,0
239,419,0
765,1147,0
303,1323,0
955,709,0
1078,108,0
1007,1041,0
409,228,0
23,188,0
1079,879,0
1080,258,0
157,1380,0
1081,1381,0
1082,16,0
761,218,0
881,979,0
983,387,0
707,1382,0
785,289,0
841,1380,0
503,427,0
1083,1010,0
1084,1383,0
982,606,0
1085,260,0
172,705,0
428,105,0
580,450,0
789,373,0
1034,262,0
1012,392,0
1086,1384,0
958,1334,0
558,1149,0
45,738,0
997,715,0
1058,1270,0
633,1066,0
1087,596,0
1088,1385,0
96,251,0
1089,1006,0
885,1323,0
1090,530,0
1091,346,0
1064,1014,0
1092,183,0
455,307,0
781,692,0
1093,900,0
859,371,0
6,315,0
307,236,0
1094,1336,0
29,273,0
313,1386,0
658,115,0
1095,1387,0
453,514,0
534,1375,0
645,1356,0
861,1200,0
391,558,0
94,639,0
718,1022,0
1096,925,0
1097,1205,0
355,1070,0
150,298,0
1098,223,0
849,911,0
95,506,0
1099,108,0
135,149,0
772,368,0
89,464,0
1100,1388,0
510,1112,0
403,934,0
1101,1090,0
500,249,0
1102,631,0
913,943,0
856,1282,0
961,45,0
611,144,0
1103,233,0
1104,771,0
233,279,0
641,1367,0
221,1228,0
1105,1381,0
824,948,0
265,248,0
93,461,0
1106,442,0
109,635,0
1107,992,0
64,82,0
431,221,0
1108,59,0
878,241,0
173,1198,0
614,1389,0
1109,795,0
1019,108,0
1110,810,0
321,241,0
561,1148,0
327,1390,0
576,1101,0
698,47,0
1111,326,0
1072,1145,0
973,472,0
304,573,0
71,514,0
113,951,0
572,85,0
124,1066,0
707,1056,0
1112,1391,0
1113,1056,0
1114,794,0
936,1243,0
447,1392,0
1115,808,0
1113,322,0
706,300,0
1116,106,0
549,390,0
339,864,0
520,852,0
1117,1061,0
1118,1325,0
1119,478,0
1120,1065,0
1121,676,0
360,16,0
874,401,0
904,715,0
1042,707,0
959,606,0
1122,160,0
209,620,0
1123,1393,0
1124,496,0
32,673,0
1125,286,0
623,804,0
1126,426,0
1127,989,0
1128,748,0
1129,73,0
1130,240,0
669,702,0
435,276,0
675,1050,0
1131,70,0
425,198,0
492,1394,0
1132,1196,0
775,1395,0
586,128,0
16,1260,0
337,976,0
1010,285,0
577,1314,0
213,1194,0
816,1396,0
762,583,0
623,263,0
696,1149,0
172,117,0
973,619,0
327,942,0
1133,1166,0
155,1034,0
642,780,0
579,874,0
1134,1100,0
677,347,0
122,255,0
1135,1139,0
1136,1139,0
1137,467,0
471,1397,0
1087,758,0
106,1398,0
246,31,0
307,1296,0
873,1398,0
1110,1138,0
167,1288,0
247,1133,0
677,96,0
1079,1399,0
486,733,0
1138,1065,0
53,916,0
569,92,0
186,689,0
573,848,0
1139,41,0
1140,778,0
1141,1370,0
1142,1400,0
1143,1303,0
13,1157,0
354,1401,0
1025,597,0
326,1208,0
571,1177,0
1144,1402,0
1145,757,0
1146,784,0
460,223,0
13,932,0
136,586,0
1059,976,0
1147,1216,0
1148,669,0
648,775,0
166,1261,0
1149,1403,0
184,374,0
279,841,0
857,1404,0
275,1405,0
384,1406,0
727,341,0
1150,1048,0
147,71,0
1151,284,0
1067,793,0
949,943,0
23,704,0
408,1407,0
1152,1273,0
51,1017,0
684,413,0
74,251,0
1134,1086,0
1153,932,0
1154,581,0
1017,372,0
585,57,0
561,815,0
1155,641,0
89,819,0
1156,708,0
132,1353,0
857,178,0
853,1406,0
972,495,0
673,638,0
1157,1248,0
1036,1296,0
476,1091,0
1158,1177,0
1159,395,0
1160,421,0
412,399,0
983,374,0
1161,359,0
400,1159,0
1162,1197,0
107,1408,0
2,105,0
12,803,0
1163,198,0
1164,105,0
547,556,0
1165,960,0
611,1293,0
742,518,0
592,382,0
1066,1337,0
1166,502,0
11,1319,0
406,456,0
887,326,0
82,116,0
834,1320,0
73,1163,0
178,1352,0
445,1270,0
531,400,0
705,123,0
84,740,0
1167,304,0
1040,769,0
1160,757,0
237,569,0
1168,389,0
1169,14,0
928,1409,0
1139,1270,0
86,717,0
38,457,0
467,603,0
942,351,0
1050,931,0
1099,1410,0
262,101,0
344,7,0
1170,501,0
169,60,0
418,753,0
380,50,0
90,1364,0
174,368,0
404,1411,0
1171,560,0
142,1162,0
979,369,0
1172,1275,0
721,1153,0
789,384,0
191,1014,0
733,87,0
466,172,0
224,1412,0
1173,425,0
1174,695,0
596,1224,0
1175,257,0
1176,792,0
948,713,0
898,1128,0
986,178,0
453,1370,0
70,1413,0
358,875,0
324,122,0
1076,1369,0
1177,538,0
1178,27,0
1179,1414,0
1180,40,0
967,359,0
211,861,0
540,1375,0
373,1330,0
657,513,0
599,1415,0
294,741,0
111,543,0
1181,876,0
1182,576,0
1183,695,0
1184,1215,0
1185,932,0
335,1416,0
91,465,0
1186,1158,0
158,94,0
759,255,0
997,223,0
1187,278,0
781,345,0
144,805,0
511,837,0
322,797,0
519,5,0
898,1333,0
1188,895,0
906,1090,0
1189,1032,0
298,459,0
1102,373,0
1190,1413,0
1084,65,0
1191,465,0
918,1351,0
972,435,0
1192,876,0
1149,175,0
1193,115,0
348,716,0
1119,23,0
880,895,0
362,103,0
544,885,0
141,1008,0
278,240,0
39,622,0
289,800,0
181,620,0
776,354,0
812,1417,0
1194,480,0
1063,331,0
194,558,0
1195,1018,0
283,1376,0
959,929,0
795,1385,0
1033,334,0
1196,1340,0
1197,1330,0
1047,1223,0
389,1410,0
1116,5,0
874,564,0
991,25,0
788,1158,0
1198,16,0
678,1134,0
1199,1394,0
341,340,0
1196,1091,0
223,656,0
659,762,0
72,861,0
564,221,0
521,1135,0
1200,1418,0
236,630,0
753,616,0
49,516,0
1201,422,0
1202,399,0
243,845,0
850,139,0
1203,870,0
1204,831,0
1205,510,0
1206,531,0
1207,94,0
1032,684,0
1064,1292,0
668,1187,0
865,368,0
626,424,0
366,1172,0
727,685,0
591,209,0
1208,908,0
405,1369,0
499,680,0
833,1372,0
875,815,0
358,1002,0
425,1419,0
609,55,0
1209,837,0
1172,175,0
1210,1222,0
1211,1110,0
384,1328,0
98,1129,0
1212,996,0
911,100,0
1213,679,0
721,1303,0
418,980,0
332,984,0
883,1420,0
885,825,0
1214,631,0
1134,901,0
1215,791,0
1067,1367,0
689,1084,0
749,571,0
701,845,0
795,1170,0
89,693,0
460,50,0
700,828,0
736,1273,0
1216,51,0
471,417,0
1217,1031,0
75,517,0
803,142,0
689,1231,0
672,356,0
1212,737,0
156,1230,0
859,515,0
194,1236,0
745,111,0
391,1390,0
580,313,0
47,535,0
550,1156,0
1218,337,0
1070,108,0
574,644,0
108,827,0
738,47,0
497,874,0
620,1263,0
225,1261,0
493,379,0
704,609,0
963,382,0
837,1002,0
743,66,0
484,236,0
701,535,0
548,826,0
55,587,0
199,1149,0
989,1421,0
260,730,0
704,767,0
645,913,0
1219,178,0
292,6,0
312,203,0
1038,129,0
1220,1422,0
696,1423,0
43,42,0
847,287,0
389,1424,0
34,1425,0
1221,1013,0
633,1061,0
676,1264,0
1007,253,0
246,1047,0
541,416,0
494,60,0
1222,1244,0
565,108,0
390,861,0
652,220,0
1223,1121,0
445,1421,0
969,390,0
639,1349,0
1224,1421,0
1225,228,0
709,738,0
1226,1080,0
1152,802,0
484,910,0
313,1260,0
750,976,0
1227,808,0
1014,1382,0
963,638,0
1228,716,0
1229,1123,0
455,1426,0
1033,312,0
1230,477,0
1014,1427,0
761,175,0
898,1111,0
907,365,0
38,106,0
1231,553,0
1080,1246,0
1232,931,0
80,999,0
393,703,0
